cilindro_serie;cilindro_tipo;capacidade_litros;lacre_uid_nfc;dispositivo_hardware;vincular
SN-SIM-MASSA-01;OXIGENIO;50;NFC-SIM-MASSA-01;HW-SIM-MASSA-01;sim
SN-SIM-MASSA-02;OXIGENIO;50;NFC-SIM-MASSA-02;HW-SIM-MASSA-02;sim
SN-SIM-MASSA-03;OXIGENIO;50;NFC-SIM-MASSA-03;HW-SIM-MASSA-03;sim
SN-SIM-MASSA-04;OXIGENIO;50;NFC-SIM-MASSA-04;HW-SIM-MASSA-04;sim
SN-SIM-MASSA-05;OXIGENIO;50;NFC-SIM-MASSA-05;HW-SIM-MASSA-05;sim
SN-SIM-MASSA-06;OXIGENIO;50;NFC-SIM-MASSA-06;HW-SIM-MASSA-06;sim
SN-SIM-MASSA-07;OXIGENIO;50;NFC-SIM-MASSA-07;HW-SIM-MASSA-07;sim
SN-SIM-MASSA-08;OXIGENIO;50;NFC-SIM-MASSA-08;HW-SIM-MASSA-08;sim
SN-SIM-MASSA-09;OXIGENIO;50;NFC-SIM-MASSA-09;HW-SIM-MASSA-09;sim
SN-SIM-MASSA-10;OXIGENIO;50;NFC-SIM-MASSA-10;HW-SIM-MASSA-10;sim
SN-SIM-MASSA-11;OXIGENIO;50;NFC-SIM-MASSA-11;HW-SIM-MASSA-11;sim
SN-SIM-MASSA-12;OXIGENIO;50;NFC-SIM-MASSA-12;HW-SIM-MASSA-12;sim
SN-SIM-MASSA-13;OXIGENIO;50;NFC-SIM-MASSA-13;HW-SIM-MASSA-13;sim
SN-SIM-MASSA-14;OXIGENIO;50;NFC-SIM-MASSA-14;HW-SIM-MASSA-14;sim
SN-SIM-MASSA-15;OXIGENIO;50;NFC-SIM-MASSA-15;HW-SIM-MASSA-15;sim
SN-SIM-MASSA-16;OXIGENIO;50;NFC-SIM-MASSA-16;HW-SIM-MASSA-16;sim
SN-SIM-MASSA-17;OXIGENIO;50;NFC-SIM-MASSA-17;HW-SIM-MASSA-17;sim
SN-SIM-MASSA-18;OXIGENIO;50;NFC-SIM-MASSA-18;HW-SIM-MASSA-18;sim
SN-SIM-MASSA-19;OXIGENIO;50;NFC-SIM-MASSA-19;HW-SIM-MASSA-19;sim
SN-SIM-MASSA-20;OXIGENIO;50;NFC-SIM-MASSA-20;HW-SIM-MASSA-20;nao
